{"cameraMode":{"drawMode":0,"name":"Shaded","section":"Shading Mode"},"sceneLighting":false,"audioPlay":false,"sceneViewState":{"showFog":true,"showMaterialUpdate":false,"showSkybox":true,"showFlares":true,"showImageEffects":true,"showParticleSystems":true},"in2DMode":false,"pivot":{"x":-1.678887128829956,"y":4.099999904632568,"z":2.3081533908843996},"rotation":{"x":0.2666381597518921,"y":-0.36666521430015566,"z":0.1105399802327156,"w":0.8844442963600159},"size":8.800076484680176,"orthographic":false}