{"cameraMode":{"drawMode":0,"name":"Shaded","section":"Shading Mode"},"sceneLighting":false,"audioPlay":false,"sceneViewState":{"showFog":true,"showMaterialUpdate":false,"showSkybox":true,"showFlares":true,"showImageEffects":true,"showParticleSystems":true},"in2DMode":false,"pivot":{"x":-0.39292001724243166,"y":3.723064422607422,"z":2.308999538421631},"rotation":{"x":0.005162989720702171,"y":0.9744646549224854,"z":-0.22334842383861543,"w":0.022528579458594323},"size":4.026190280914307,"orthographic":false}